Intent,Keyword
0,hello 4a373484
0,red herring f6f89d20
0,red herring 17b34096
0,hello 4100f2ee
0,hello 81b06bbc
0,hello 172cad7f
0,red herring 702ecde
0,red herring 6792358f
0,hello 3a42ecdb
0,hello 322b001c
0,hello 9427726c
0,red herring 6a8d77bf
0,red herring 84f64a7c
0,hello 9eeb183d
0,red herring 5cb626c3
0,hello 7277df95
0,hello d6f28807
0,hello 64129711
0,hello 84fe07ce
0,red herring 4b9cdcd6
0,hello e845de91
0,red herring 8d93374f
0,red herring a40d0fc
0,red herring 76c3ac90
0,hello 6b637eb2
0,hello 1dc92393
0,hello 3704bd26
0,hello 1b97d193
0,hello 710b826
0,red herring 274258b3
0,red herring 58807d0
0,red herring 51b187
0,hello 8fbf5c72
0,red herring 50b0ba28
0,red herring 4e916ce4
0,red herring 2bade185
0,hello 7a3dc7d5
0,red herring b829e146
0,hello bf875972
0,red herring 2739d91
0,hello 39407fe6
0,red herring 855c16e2
0,red herring 8d33eb2c
0,red herring 8483e77a
0,red herring b0ac656f
0,red herring 1038b1e6
0,hello 62e6c3a2
0,hello 71e5fb7
0,hello c8a79cd1
0,hello 58ab9501
0,red herring 3247d965
0,red herring c322accf
0,hello 31fd6a19
0,hello 3a320ab2
0,red herring bb55e830
0,red herring 480522b2
0,red herring 69c1cb7c
0,red herring b817c46f
0,hello c7bd2b8a
0,red herring da6d624f
0,red herring 29ed7407
0,hello dfdc7f5c
0,red herring 39aca961
0,hello 3f5877d
0,hello 56da6b9f
0,hello 6753c62c
0,hello 2bcf18c0
0,hello 14364385
0,hello 1c5cb9c1
0,red herring bd30ab57
0,hello 7343e5e6
0,hello 3b1d8e4d
0,red herring ba2d0685
0,red herring 130589e3
0,hello 16d0f4d1
0,red herring 7f529ef
0,red herring 9c05eff0
0,hello 9948aa22
0,red herring 4d3ee54f
0,red herring 39a1a701
0,red herring 708290f0
0,hello 424c715e
0,red herring 5f527043
0,red herring f2369dc0
0,red herring c05461f9
0,red herring 764d5c23
0,red herring 167df3ac
0,hello f74d9001
0,hello 8f6ea133
0,hello be66e2d5
0,hello d5a82fc6
0,hello 1554888
0,hello 78b92c71
0,red herring 437b4f18
0,hello e6c16300
0,hello ee2764d
0,red herring af1c416d
0,hello e774da4d
0,red herring 53181242
0,red herring 4a527260
0,red herring d45f53bb
0,red herring 6c64c5f5
0,red herring e515739f
0,hello 3908f1a0
0,hello 9679e9b1
0,red herring 4a8ff61c
0,red herring 8535c05e
0,hello 9ddff309
0,hello 9ec6143
0,hello c553a1bc
0,red herring 2d911802
0,hello 9d37bda7
0,red herring 606959c5
0,hello 3369d1f5
0,red herring 68cace59
0,red herring f07237da
0,red herring 1148672f
0,hello cc9696eb
0,red herring ccd36123
0,hello 8e0e5351
0,red herring 124bc
0,red herring f3ad907f
0,hello eea2e3be
0,red herring f73a7647
0,hello f75ac6c9
0,red herring e5522cc5
0,red herring cd9e49f2
0,hello c05f202f
0,hello cc2ae06d
0,hello 5c3bd56a
0,hello 7b7dace3
0,red herring 89c7ce18
0,hello 8c59a22f
0,red herring 1aa2c6c1
0,red herring 21d3627f
0,red herring 52fd4140
0,hello 3af1b41c
0,hello 5fb6c512
0,hello 5db33802
0,hello 24a06a9f
0,hello 75d1e608
0,hello b2df6ecf
0,red herring 44e72a36
0,red herring 369609dd
0,hello cafa1973
0,hello 4fb996d9
0,hello f67f0b30
0,hello 848aaf73
0,red herring ccc2a024
0,hello a9eaf9b6
0,red herring 5378d59d
0,red herring cae2b88b
0,red herring 276a308e
0,red herring 7e8c46e9
0,hello e39cb6a6
0,hello 40a01bdd
0,red herring 75210609
0,red herring 5935392f
0,red herring 120f7f68
0,hello 64963bb7
0,red herring f2eaa11d
0,hello 5cbe30e6
0,hello c3ef9469
0,hello 8b9bf41e
0,hello 722bf4ac
0,hello 95666191
0,red herring 5fe3facf
0,hello 5f25c667
0,red herring 5703f2a4
0,red herring 503af72e
0,red herring 364b05b7
0,hello 119d2f93
0,hello 2163f6f4
0,hello 921ae0a1
0,hello ae63d9e6
0,hello 49222752
0,red herring aa2b1274
0,hello d91fd7d5
0,red herring e2a4d829
0,red herring e19a9b53
0,red herring d5ec4548
0,red herring d1794ac1
0,red herring c2a88cbf
0,hello 4e8ff98d
0,hello 8987704f
0,red herring d73a4e00
0,red herring 6943b170
0,hello 4ad106be
0,red herring c6e4cd65
0,red herring 3b34ec91
0,hello 28e6266c
0,red herring c961d364
0,red herring 32dd7929
0,red herring e0f555b4
0,red herring 7f450838
0,red herring be24495c
0,hello 5b3ee2a8
0,red herring e325724
0,red herring 8ba919a0
0,hello 649154d7
0,red herring a7d4e1ef
0,hello 97c721ac
0,hello af5a9ede
0,hello 826498c6
0,red herring d128c608
0,red herring 73be8299
0,red herring f19fd4a0
0,red herring 1243eeb4
0,hello 7bc3802e
0,red herring ef2513c9
0,red herring cbff26c8
0,red herring 87d82d
0,hello b94d71b1
0,hello a1519b9d
0,red herring 70d61174
0,hello 1612ba9e
0,red herring ba13602f
0,hello 183dc68c
0,hello 41bd1c3
0,hello adeb89fa
0,hello 943ddbee
0,red herring b54a499c
0,hello 2ce45e4c
0,hello 30167710
0,red herring 190039b9
0,red herring 2cb423c5
0,hello 9332e6f8
0,red herring 2004970b
0,red herring 23b7c3fc
0,red herring 38ee184b
0,red herring f926b8ad
0,hello 9e10a8ef
0,hello 9bd9f277
0,hello 3e4023df
0,red herring 16fdae0f
0,hello 330d535e
0,hello a44455b2
0,hello 52a8c0da
0,hello 6e509833
0,red herring f1392d8d
0,hello ed9a1163
0,hello deee47ae
0,red herring ed9e8c2a
0,hello 9ab1a193
0,hello fb532e8c
0,red herring 513fc785
0,hello 40d5de3d
0,hello bdaad76c
0,red herring a01cb046
0,red herring b0167a7a
0,red herring e9ab6bc5
0,red herring 932cac
0,hello 370fbebd
0,red herring dfc94b63
0,hello c052a18d
0,red herring e477002e
0,red herring f82f8c06
0,red herring be133de9
0,red herring 8d86de75
0,red herring 1e2e4582
0,hello 73c408d9
0,red herring d9a8b1e7
0,red herring 69f5661d
0,hello d22c5004
0,red herring 36926bcc
0,hello 95e3b41c
0,hello 7b9896f2
0,red herring ec5033ef
0,hello b0b0a6ec
0,hello 2bfa8dae
0,hello 6523cbd5
0,red herring 8bd32376
0,hello ebe1eb61
0,hello 67e5cbd
0,red herring e72d8535
0,hello daafb40c
0,red herring 45c3b895
0,red herring f810713
0,red herring ea56f9c0
0,hello 68b13a21
0,red herring 4e5c0090
0,red herring 3a4e5260
0,red herring c40d7650
0,hello 9e6c554a
0,red herring f0cb645e
0,hello 39c401c8
0,hello 99942859
0,red herring 96c042b1
0,hello 1df39c30
0,hello bcfa9d3
0,red herring 9e210b4
0,hello 16fa9683
0,hello bce9805a
0,red herring 102d012b
0,hello 338f3f88
0,red herring 9d7d6363
0,hello ee48030
0,red herring 8e63b4a
0,hello 82bb779d
0,hello 9ae3db93
0,red herring 484986c9
0,hello cb059bb6
0,red herring ed227503
0,hello 638938e3
0,hello 8794a8a9
0,red herring f293a8c6
0,red herring 8803d35
0,hello f9c4506f
0,red herring a33a3aaa
0,red herring 8634c1ec
0,hello e0b4fc68
0,red herring 835491d
0,red herring b61e7616
0,hello 142ac385
0,red herring 2a74cecd
0,hello 4b6f4ab
0,hello da169272
0,red herring ca45a51a
0,red herring a16dcd28
0,red herring f3f21a2e
0,red herring 641bf9ac
0,hello 7371e91b
0,hello 5b1f6256
0,red herring 84bbc7c5
0,hello 98ea954c
0,hello 107d67c0
0,red herring c0e6cf6c
0,red herring 82c57978
0,red herring c2059ab
0,red herring ef52ae8a
0,hello cba79a88
0,red herring e2282a5d
0,hello aa46565f
0,red herring 474b2884
0,red herring fec89b19
0,red herring 1efe9ea9
0,red herring e7c23e35
0,red herring de181fd6
0,hello e93c1777
0,red herring d83f4269
0,hello 6e7a0988
0,red herring 489eb1a6
0,red herring ccc7299b
0,hello 77a1a97c
0,hello fff1ade6
0,hello 65581d11
0,red herring 8fad6293
0,hello f7674718
0,hello cc82df6
0,hello 106e51c7
0,hello 5511e2d0
0,red herring 68df01a1
0,red herring 3c6a1919
0,hello 8dc6e182
0,hello e167da99
0,hello befe4047
0,hello 8a99bcab
0,hello fe86f7e1
0,hello a76cee99
0,hello 5aa6efed
0,red herring bdf6c129
0,red herring ada9ed03
0,hello 7532e1e0
0,hello 2e6ccae2
0,hello a0b0b79c
0,hello b3cc6874
0,red herring e51b954d
0,red herring d274732
0,hello 75d9fe78
0,hello db81fc2b
0,hello ef0ade6a
0,hello ddf22360
0,hello 4133f81b
0,hello 80490a57
0,hello c1a7b1e4
0,hello 224698a0
0,hello 72d2ddf0
0,hello 2eda56e6
0,red herring 8b8d3f09
0,hello b58b7fe7
0,hello cb61488
0,hello 4cbc50ad
0,hello 3c3fd34d
0,hello ad6e1d85
0,hello 5b62802
0,hello 3683de86
0,hello 3b0f8d5f
0,red herring d1167dba
0,red herring 97423831
0,hello 9fc7cd16
0,red herring b3b6925a
0,red herring 5e521dcc
0,red herring 973da77
0,red herring 186a53c8
0,hello 637a00ae
0,red herring eb6c9aac
0,red herring bf7c249
0,hello cba663d9
0,hello b617c112
0,red herring 77a0d946
0,hello 1fd64d52
0,hello 9aff2215
0,red herring f8201cdf
0,red herring c47c753c
0,red herring 19b20092
0,hello 1ae7e8a8
0,red herring 985edcac
0,red herring e328fed3
0,red herring ce02dc62
0,red herring 28d037ef
0,red herring d730d8fe
0,red herring 5ce5d544
0,red herring af053739
0,red herring f7400a8d
0,red herring 4c37f21
0,red herring 66d0ab99
0,hello b2d87193
0,hello 812c2354
0,red herring b3d4d81f
0,red herring b7e9916
0,red herring 2d073a08
0,hello c9635df8
0,red herring f2ba3d2e
0,hello 60601a1c
0,red herring 2283005c
0,red herring 1e625341
0,red herring 4fefd8df
0,hello 33b594fa
0,red herring e446ee21
0,hello 395af2da
0,red herring 6bb54c0
0,hello a62f22f0
0,red herring 17e01cda
0,red herring 17e696c5
0,hello cf214c30
0,hello 55decaaf
0,hello a242a0d9
0,red herring e7360db9
0,red herring 8ffb22e8
0,red herring 55ab168e
0,red herring 788b7dd9
0,red herring c989ed0f
0,red herring 3f9639ff
0,hello 77b0c80
0,hello 5329342b
0,red herring 5df82e2f
0,red herring 1f21d207
0,red herring 6a365a1a
0,hello 204393f2
0,hello d2bf5032
0,hello cf928532
0,red herring 5b7ca74e
0,red herring 8f11610a
0,red herring f448dfb2
0,red herring e1c3b3fb
0,hello f7b98891
0,hello 136f81e4
0,red herring 321a5486
0,red herring 377a6202
0,hello ad3ef8c0
0,red herring 8d3c3071
0,red herring 14401344
0,red herring 40cb4db0
0,hello 9e5c7f78
0,red herring 24a42f9
0,red herring 42832725
0,hello d87b6dd3
0,red herring 623d8116
0,red herring 9bcfd9f9
0,red herring a03dc215
0,red herring 930a1152
0,red herring 81d1d6a
0,red herring df3a9332
0,red herring 42a8ee7
0,red herring aabd5748
0,hello a013779a
0,hello a87b0ee0
0,hello f3ccb970
0,hello ba8e802
0,red herring 548ae885
0,hello a160b9a0
0,red herring 1702b61b
0,red herring 35e9dd53
0,hello a637a7ce
0,red herring 2ea52eb9
0,hello 6c2f8ad5
0,hello cddec5a
0,hello 2c543546
0,red herring df251f99
0,red herring dd24bc8d
0,red herring fe707e16
0,red herring 41458976
0,red herring b85617d7
0,hello 1d7273cd
0,red herring 91f57df4
0,red herring a83b88d
0,hello 855c2611
0,red herring 2b69c962
0,hello 437941a4
0,hello d7cc45cf
0,hello f9cf244a
0,red herring 45a7f064
0,red herring 555f9b8c
0,hello 2c47b285
0,red herring 3fdc0e35
0,red herring 7c624700
0,hello 52d0787b
0,hello 3315c32c
0,hello b6a86565
0,hello b93062b7
0,red herring 7a0ef553
0,red herring 1e0f807d
0,red herring aa90cbb4
0,red herring 96246b13
0,red herring 1140d39c
0,hello 13b76896
0,red herring 591944de
0,red herring 1bef372f
0,hello b07fee12
0,red herring e77e99c0
0,hello a0ee0fa
0,red herring 1089419
0,red herring b6172dc9
0,red herring 1f9c5da6
0,hello d4af4145
0,hello e46978e4
0,red herring daba71e6
0,hello fa6e2347
0,red herring 8db9555c
0,red herring d3fde098
0,red herring 91597a
0,hello d0bb2607
0,hello 1ba79a6a
0,red herring c9b3902a
0,hello 6d1a94cf
0,hello fe098ccf
0,red herring b9a112d
0,hello eb66f2b9
0,red herring ecb9a1f4
0,red herring e32452eb
0,hello 12892772
0,red herring e4bc2d56
0,hello 22a19469
0,hello c5525db1
0,hello e53b7f13
0,red herring 97fbc955
0,hello d00e2d5c
0,red herring a88824b3
0,hello 2258bb40
0,hello 3f5c52ec
0,hello b23f63ba
0,red herring 39e624a
0,hello 8abcd8e2
0,hello 12cf7d43
0,hello adad2011
0,hello 19cceea2
0,hello 493b99bf
0,red herring 5c9c230f
0,hello e34c8b3b
0,hello b9fb46a6
0,hello 974d8c6
0,red herring fdc49458
0,hello 76401859
0,red herring 299cde12
0,hello f174d8ad
0,red herring fb5690d6
0,hello 7fc8a2af
0,hello eea7b5dd
0,hello 3d0a57d5
0,hello 4abeb9f5
0,hello 6d200b15
0,red herring 860487bd
0,red herring d33565b9
0,hello caf30480
0,red herring 80660f6b
0,red herring f80eba1b
0,hello 82ef6ca3
0,hello f1c336d5
0,hello addbda93
0,hello 7093660
0,hello 51fe060b
0,red herring 111486e9
0,hello e49334e7
0,hello 73bf8ef2
0,hello bdd27fac
0,hello cd5b30b2
0,hello e2938683
0,red herring ea7536d2
0,red herring 8ae44fa1
0,hello 2fae2208
0,red herring fc502147
0,hello e056711b
0,red herring df569475
0,red herring 14efdd65
0,hello 451982ff
0,hello f550c9cc
0,red herring e7ea6ba6
0,red herring cbb9cbb
0,red herring 1ed410f5
0,red herring a6df5a8d
0,hello f5a6d1db
0,hello 3678283a
0,hello 80063720
0,red herring c750327
0,red herring e2b3ff96
0,red herring 907e0e5d
0,hello 38e8a935
0,hello 56eec006
0,red herring 89541c1c
0,red herring ece74f64
0,hello 7239ef74
0,hello 60cba47c
0,hello aec98c12
0,red herring 7f89e8f9
0,hello 1427c423
0,hello dd8ccad4
0,red herring e7437e33
0,hello 3c374f69
0,hello 4aaca465
0,hello e60c9478
0,red herring bc85a759
0,red herring 40e15bc3
0,red herring 215ab665
0,red herring fdae00e3
0,red herring 1df05696
0,red herring ed825849
0,hello dd0957f1
0,red herring b4a2958d
0,hello a9325cc3
0,hello 7a114257
0,red herring b617bb2a
0,red herring 8392b00f
0,red herring b96cf0cd
0,hello 8c97753d
0,hello a13a9df5
0,hello 1e2919ab
0,hello 369a159b
0,hello ea57bf55
0,hello 8de221b4
0,red herring 97d7c1be
0,red herring 87e0218a
0,red herring 20cb3e6f
0,hello ccf3f6aa
0,red herring a90ba862
0,red herring 356e5923
0,red herring 4cc7dcdf
0,hello 11b5a387
0,hello 6f4597d4
0,hello 26a3b728
0,hello 37f81da4
0,red herring 4c1cc7eb
0,red herring 9152aecd
0,hello 811a78cc
0,red herring 7906736b
0,hello 3ab54a11
0,hello 1ef93b5c
0,red herring 2bf59914
0,hello 2290bed3
0,red herring 882b01bc
0,red herring f0e0cfe5
0,hello d0867166
0,hello 44ce474f
0,hello 65ba03ab
0,red herring 8f76a0dd
0,hello 5932a796
0,hello 584f0902
0,red herring 8f007139
0,hello 1fd5eaea
0,red herring 14e246e9
0,red herring 5a23ad22
0,red herring 89686e10
0,hello 849c2c0f
0,red herring b63a4751
0,hello d7b8bd40
0,hello cfcd6565
0,hello e352b7e8
0,red herring 908f4e31
0,hello 1768f4a9
0,red herring 776313c
0,hello 986af5ed
0,hello c4e4b89d
0,hello c1181873
0,hello fc8a032
0,hello d861df38
0,hello d4407666
0,hello 32cb7e34
0,red herring 79a43980
0,hello 60b45482
0,red herring 4fda2bb7
0,red herring 479b99c7
0,hello 72294f3c
0,hello a69202a
0,red herring 21838f4e
0,hello 38fb4202
0,hello 5ab04900
0,red herring b3750b35
0,red herring 1eafe390
0,red herring 1a42d3f1
0,red herring 47c09356
0,hello 95d88a78
0,hello d2461d0b
0,hello 1b98f8a0
0,red herring e0b7e5b7
0,hello 1b3409a7
0,hello 8ac72b8c
0,red herring 762669ce
0,red herring b4253b9
0,hello 92e6b85c
0,hello ca7c64df
0,red herring c24983c8
0,red herring fa97eec2
0,hello 7e1dba8b
0,red herring bc43ab01
0,red herring 957f4f66
0,red herring ae59d8b9
0,hello 5aa4844b
0,hello 29199d8c
0,red herring 41fd40a9
0,red herring b87be27a
0,red herring ec784aa9
0,red herring 4877470e
0,red herring 437957dd
0,hello 9f4f99df
0,red herring 1bbbf9bc
0,hello 50051b10
0,red herring ddea2576
0,hello 6872e718
0,hello 9d6f2fc8
0,hello c82dfff6
0,hello 270de213
0,hello aaa2e049
0,red herring 8354b6a9
0,hello b16a95d5
0,hello d7f1a2a8
0,hello f8f94d1
0,red herring 664fc10b
0,red herring b62b5d50
0,red herring 8d57ca1e
0,hello 778e7d84
0,hello 3b3b89c1
0,red herring 643b1c9d
0,red herring b307abc9
0,red herring 5edb1038
0,hello 3e1f78f4
0,hello bf4709b2
0,hello 6b35a3ad
0,red herring 680c75ea
0,red herring 6ee0c315
0,red herring 9c3c01a6
0,hello a0694879
0,hello 328a8806
0,hello 15d9c89e
0,red herring 37437f0f
0,hello 3590563a
0,hello 4cb229ad
0,red herring 94e753e2
0,red herring e009bc84
0,hello ed9935c2
0,hello 5cb8eb92
0,red herring 45efe4ee
0,hello f102af87
0,red herring 5c173ae3
0,red herring 1d4aa5c3
0,red herring eef1099b
0,red herring a7af19e5
0,red herring 21d02bb9
0,hello 85876065
0,red herring ed7d9978
0,red herring 88a1531a
0,hello c92fae2e
0,red herring ecf1249a
0,red herring 3ff28992
0,hello 94614aa4
0,hello 15c5bfc6
0,red herring edd90353
0,red herring ea988a98
0,hello c0cb0589
0,hello 855f1597
0,red herring 810f86e9
0,red herring a70d6df7
0,hello abcd6af1
0,hello b3ccc4f6
0,red herring ec536e89
0,red herring f440f215
0,hello 68e7cca5
0,hello 33b26261
0,hello bce27e3d
0,hello 37ce57ee
0,red herring 16306e09
0,hello 8b770d45
0,hello 17ac9df8
0,hello ffca9969
0,red herring 5f0991d5
0,hello 958cba6
0,red herring f83b5c1f
0,red herring dc111dc7
0,red herring 23fc5dd0
0,red herring 3a6e5d11
0,hello ab1de2b9
0,red herring d3b21042
