0,website when you type something and it says it
0,website when you type something and it says it
1,i need a website to watch free tv shows
1,i need to make a website for my business
1,i need a new website to waste time on
1,i need to create a website for my business
1,i need to make a website for my business
1,i need to build a website for my business
1,which website was purchased by google in 2006
0,what websites to go on when your bored
0,website wants to run the following add on
0,website wants to install the following add on
1,i need a website to sell my product
1,i need a website to download free music
1,i need a website to download free movies
1,i need a website to watch free movies
1,best way to build website for small business
1,best way to test website in different browsers
1,i need to create a website for free
1,i need a website to sell my product
1,i need a website to download free music
0,build websites from scratch with html & css
1,best way to build website for small business
1,best way to test website in different browsers
1,which website is best for cheap flights
1,which website builder is best for seo
0,website where you can hum a song
0,what websites looked like in the past
0,what websites have a lot of ads
0,website where you can bet on anything
0,website where you type and it disappears
0,website where you can bet on anything
0,website where you type and it disappears
0,website when you talk to a robot
0,website when you talk to a robot
0,website what it's like to be dyslexic
0,website wants to run adobe flash player
0,website wants to install adobe flash player
0,website wants to run a remoteapp program
0,website wants to start a remote connection
1,website says i need to enable cookies
1,i need website to download blue film
1,i need a new website to visit
0,website how it looked in the past
0,website how it looked in the past
1,best way to promote website for free
0,are website terms and conditions legally binding
0,top 10 websites to watch tv shows
0,top 10 websites for boomers and seniors
0,safe website to download music for free
0,safe website to download movies for free
1,review websites & apps for cash uk
1,i need website to download blue film
1,i need website for my small business
1,get website on first page of google
1,best way to promote website for free
1,best way to block websites on network
0,why website is important for business
1,why websites need to be responsive
1,which website builder is the best
0,which website has the cheapest flights
0,which websites are blocked in china
1,which website is best for blogging
0,where website can i download movies
0,website where you type in ingredients
0,website where you put in ingredients
0,website where i can watch movies
0,website where you talk to strangers
0,websites when you're bored at work
0,websites when your bored at work
0,what websites are blocked in china
0,what websites are blocked in canada
0,what website builder should i use
0,what website should i go to
0,what website has the most languages
0,what website has the most ads
0,what website has the cheapest flights
0,what websites looked like in 2000
0,website why don you try this
0,why website is important for business
0,why website not showing in google
0,website why don you try this
0,why website is important for business
0,why website not showing in google
0,website who died in my house
0,website who died in your house
0,website who died in my house
0,website who died in your house
0,website which reads what you type
0,website which knows everything about you
0,website which reads what you type
0,website which knows everything about you
0,website where you hum a song
0,website where everything is a dollar
0,website where you talk to strangers
0,website where you can ask questions
1,website where you might find necklaces
1,website where you find custom necklaces
0,website where you can type anything
0,website where you type in symptoms
0,website where i can download movies
0,website where you hum a song
0,website where everything is a dollar
0,website where you talk to strangers
0,website where you can ask questions
1,website where you might find necklaces
1,website where you find custom necklaces
0,website where you can type anything
0,website where you type in symptoms
0,website where i can download movies
1,website when to buy airline tickets
0,website when you talk to strangers
1,website when to buy plane tickets
1,website when to buy airline tickets
0,website when you talk to strangers
1,website when to buy plane tickets
0,website what to put in footer
0,website what to make with ingredients
0,website wants to know your location
0,website wants to open web content
0,website wants to use your location
0,website wants to know your momentum
0,website vs facebook page for business
0,website vs facebook page for business
0,website rates how attractive you are
1,website that need to be created
1,website that need to be made
1,i need website to download movies
1,i need website to download music
1,i need free website to create
1,i need to build a website
0,website how to detect mobile device
0,website how to download youtube videos
1,website how much does it cost
0,website how old do i look
0,website how to detect mobile device
1,website how much does it cost
0,website how old do i look
0,website how to detect mobile device
0,website has extra space on right
1,website guaranteed to get you laid
1,website gets the most users worldwide
0,add website exception to windows firewall
0,add website exception to symantec endpoint
0,adding website exceptions to windows firewall
1,website dealers use to price cars
1,cheapest website to buy airline tickets
0,cheapest website for fifa 15 coins
1,website buy and sell in cambodia
1,website buy and sell in cambodia
1,website buy and sell in cambodia
1,website best way to store images
1,best way to get website traffic
1,best way to learn website design
1,best way to make website responsive
1,best way to increase website traffic
1,are website development costs tax deductible
0,affordable website design for small businesses
0,ways to unblock websites at school
0,ways to make website more attractive
0,ways to make website more interactive
0,want a website where to start
0,top websites to watch tv shows
0,top 10 websites to watch movies
0,top 10 websites to download music
0,top 10 websites for women's clothing
0,top 10 websites of all time
0,top 10 websites to stream sports
0,top 10 websites visited in 2015
0,top 10 websites to download movies
0,setup website on windows server 2012
1,save website to desktop windows 10
1,save website for offline viewing iphone
1,save website for offline viewing android
1,save website to desktop internet explorer
1,save website for offline viewing ipad
1,safe websites to watch movies online
1,safe websites to buy prom dresses
0,safe websites to download tv shows
0,safe website to watch tv shows
0,safe websites to watch free movies
0,safe websites to stream tv shows
0,safe website to download youtube videos
1,safe websites to buy concert tickets
1,review websites & apps for cash
1,new and improved website coming soon
1,i need website to download movies
1,i need website to download music
1,i need website for my business
1,i need to build a website
0,how websites make money by traffic
0,how websites make money from advertising
0,how to website hosting in internet
0,standard hourly rate for website maintenance
0,standard hourly rate for website design
1,website guaranteed to get you laid
0,comparison websites for gas and electricity
0,cheapest website to book vacation packages
0,cheapest website for all inclusive vacations
1,best website to watch tv shows
1,best website to watch tv shows
1,best way to get website traffic
1,best way to learn website design
1,best way to make website responsive
1,best way to increase website traffic
0,are websites italicized in apa style
0,are websites italicized in ap style
0,why website design is important
0,why website is not opening
0,why website development is important
0,why website maintenance is important
0,why website speed is important
0,why website content is important
0,why website security is important
0,who website world health organisation
0,who website is registered to
0,which website offers cheapest flights
0,which website to download movies
0,which website to watch movies
0,which website to download music
0,which website to book hotel
0,where website free download movie
0,website where you enter ingredients
0,website where you can vent
0,when website was last updated
0,websites when you re bored
0,websites when you are bored
0,websites when bored at work
0,websites when they first launched
0,what website should i make
0,what website to download music
0,what website theme is that
0,website with no author apa
0,website with lots of ads
0,why website is not opening
0,why website is not opening
0,website who to vote for
0,website who is the owner
0,website who to vote for
0,website who is the owner
0,website which tells your future
0,website which gives you money
0,website which answers any question
0,website which solves math problems
0,website which download youtube videos
0,website which runs without internet
0,website which answers math questions
0,website which talks to you
0,website which tells your future
0,website which gives you money
0,website which answers any question
0,website which solves math problems
0,website which download youtube videos
0,website which runs without internet
0,website which answers math questions
0,website which talks to you
0,website where you add ingredients
0,website where employees rate companies
0,website where you trade things
0,website where you post secrets
0,website where you can vent
0,website where you add ingredients
0,website where employees rate companies
0,website where you trade things
0,website where you post secrets
0,website where you can vent
0,website when you are bored
0,website when bored at work
1,website when to buy electronics
0,website when will i die
0,when website was last updated
0,website when you are bored
0,website when bored at work
1,website when to buy electronics
0,website when will i die
0,when website was last updated
0,website what is it running
0,website wants to show notifications
0,website wants to run msxml
0,website wants to open dw20.exe
0,website wants to open content
0,website vs blog pros cons
0,website vs web application asp.net
0,website vs web page apa
0,website vs blog pros cons
0,website vs web application asp.net
0,website topic ideas for students
0,website top of google search
0,website to watch tv shows
0,website to download youtube videos
0,website setup guide daniel piechnick
1,website setup costs tax deductible
0,website setup for small business
1,website setup costs capital allowances
1,website safe to buy from
1,website safe to purchase from
0,website quick count pemilu 2014
0,website quality assurance job description
0,website quality assurance plan template
1,website food near sell date
0,website for near death experiences
0,improved website fingerprinting on tor
0,super improved website y edsitement
1,website you need to know
1,i need to pee website
1,i need to make website
0,website how to make money
0,website how to pronounce words
0,website how to download music
0,website how to edit pictures
0,website how to watch movies
1,website how to get traffic
0,website how to set up
0,website how to download movies
0,website how to earn money
0,website how to download songs
0,website how to make money
0,website how to pronounce words
0,website how to make money
0,website how to pronounce words
0,website design hourly rate 2014
0,website design hourly rate 2013
0,website design hourly rate 2015
0,website design hourly rate 2012
0,website developer hourly rate 2015
0,website developer hourly rate 2014
0,website development hourly rate 2012
0,website has a redirect loop
0,website has too many redirects
0,website has my personal information
0,website has a programming error
1,website getting sued by airlines
1,website get data from database
1,website get more instagram followers
1,website get likes on instagram
0,website builder+free trial+no credit card
0,dating website free trial uk
0,website builder free trial uk
1,website find common meeting time
1,website find job in cambodia
1,website finder based on interests
1,website finder from ip address
1,website find common meeting time
1,website find job in cambodia
1,website finder based on interests
1,website finder from ip address
0,no website except google works
0,add website exception in chrome
0,every website except facebook works
1,website for discounts on restaurants
1,website deals of the day
1,website deals of the day
1,coupon website template download free
0,cheapest website to book flights
1,cheapest website to buy shoes
0,cheapest website to book hotels
1,cheapest website for online shopping
1,cheapest website to buy books
0,cheapest website for vacation packages
0,cheapest website builder and hosting
1,website buy now pay later
1,website buy and sell philippines
1,website buy now pay later
1,website buy and sell philippines
1,website buy now pay later
1,website buy and sell philippines
1,best way to promote website
1,best way to build website
1,best way to make website
1,best way to create website
1,best way to advertise website
1,best way to design website
1,best way to develop website
1,best way to monetize website
1,best way to market website
1,best way to start website
1,best way to hack website
1,website best font to use
1,website best viewed in message
1,website best font to use
1,website best viewed in message
1,are website costs tax deductible
1,are website development costs capitalized
0,advanced website identification iis 7
0,advanced website templates free download
0,advanced website identification iis 6
0,ways to increase website traffic
0,ways to improve website traffic
0,ways to improve website design
1,ways to get website traffic
0,ways to boost website traffic
0,ways to improve website performance
0,ways to promote website free
0,top websites in the world
0,top websites to watch movies
0,top websites to stream movies
0,top websites to download music
0,top 10 websites in canada
0,top 10 website builders 2016
0,top 10 websites by traffic
0,top 10 website design companies
0,top 10 websites in india
0,top 10 website designs 2015
1,subscribe to website html code
1,subscribe to website without rss
0,setup website on ubuntu server
0,setup website on iis 8
0,setup website on azure vm
0,setup website windows server 2008
0,setup website on linux vps
0,setup website on iis 8.5
1,save website as pdf chrome
1,save website to google drive
1,save website to desktop chrome
1,save website for offline chrome
1,save website page as pdf
1,sale websites in sri lanka
0,safe websites to stream movies
0,safe websites to download games
0,safe websites to download movies
0,safe websites to download music
0,safe websites to watch anime
0,safe websites to download fonts
1,safe websites to buy from
1,review websites and get paid
1,rate websites and get paid
0,personal website for job seekers
1,new website launch press release
0,improved website fingerprinting on tor
0,super improved website y edsitement
1,i need to pee website
1,i need to create website
1,i need to make website
0,how websites used to look
0,how websites work with databases
0,how to websites make money
0,how to website create free
0,how to website earn money
0,hourly rate for website updates
0,hourly rate for website editing
0,hourly rate for website building
0,hourly rate for website administration
0,average hourly rate website developer
0,average hourly rate website design
0,hourly rate for website support
0,hourly rate for website work
0,average hourly rate website maintenance
0,hourly rate for website content
0,hourly rate to maintain website
1,websites guaranteed to make money
1,get website on search engines
1,get website made in india
1,get website listed on google
0,free website hosting and domain
0,free trial website builder uk
0,free trial website domain name
0,free trial website design software
1,find websites hosted on ip
1,find website ip address lookup
1,find websites hosted on ip
1,find website ip address lookup
0,easy website builder for mac
0,easy website builder software free
0,easy website in a box
1,discount websites like groupon canada
1,discount websites for home goods
0,design website templates free download
1,coupon website template free download
0,comparison website for car insurance
0,comparison websites for home insurance
0,comparison website for mobile phones
0,comparison websites for travel insurance
0,comparison websites for credit cards
0,cheapest website to book flights
0,cheapest website to book hotels
0,cheapest website to book vacations
1,cheapest website to buy books
0,cheapest website builder and hosting
0,cheapest website for airline tickets
1,cheapest website to buy stuff
0,cheapest website for vacation packages
1,cheapest website for online shopping
1,buy website domain and hosting
1,buy websites that make money
1,buy website domain and hosting
1,buy websites that make money
1,buy website domain and hosting
1,buy websites that make money
0,build website with node.js express
1,best website to download music
1,best websites to stream movies
1,best website to watch movies
1,best website to book flights
1,best websites for cheap flights
1,best website to download movies
1,best website to download music
1,best websites to stream movies
1,best website to watch movies
1,best website to book flights
1,best websites for cheap flights
1,best website to download movies
1,best way to promote website
1,best way to build website
1,best way to make website
1,best way to create website
1,best way to advertise website
1,best way to design website
1,best way to block websites
1,best way to develop website
1,best way to monetize website
1,best way to unblock websites
1,best way to market website
1,best way to start website
0,are websites with org reliable
0,are websites considered social media
0,affordable website design cape town
0,affordable website design south africa
0,advanced website identification iis 7
0,advanced website identification iis 6
0,advanced website templates free download
0,why websites are important
0,why website is slow
0,why websites use cookies
0,why website is down
0,why website is required
0,why website loading slow
1,why websites get hacked
0,why website loads slowly
0,why website won't load
0,which websites accept paypal
0,which websites use java
0,which websites use angularjs
0,which website is down
0,which websites use django
0,which websites are down
0,which websites use wordpress
0,which website builder uk
0,where website is hosted
0,where website is located
0,where websites are stored
0,where website is registered
0,when website was created
0,when website is down
0,when website was published
0,when website last updated
0,when websites are blocked
0,websites when your bored
0,websites when you're high
0,websites when your high
0,what websites use paypal
0,what websites use python
0,what websites have viruses
0,what website is this
0,what websites take paypal
1,what websites sell yeezys
0,website without author apa
0,website without date apa
0,website without www godaddy
0,website without author mla
0,website with cool stuff
0,website with most traffic
0,website with most ads
0,website with free movies
0,website with a blog
0,website with interesting articles
0,website why i'm broke
0,why website won't load
0,why website cannot open
0,why website not responding
1,why website is needed
0,why website loading slow
0,why website won't open
0,why website for business
0,why website account suspended
0,website why i'm broke
0,why website won't load
0,why website cannot open
0,why website not responding
1,why website is needed
0,why website loading slow
0,why website won't open
0,why website for business
0,why website account suspended
0,website who we are
0,website who is lookup
0,website who is info
0,website who am i
0,website who we are
0,website who is lookup
0,website who is info
0,website who am i
0,website which shows dyslexia
1,website which compares prices
0,website which guesses characters
0,website which uses java
0,website which guesses age
0,website which cites sources
0,website which shows dyslexia
1,website which compares prices
0,website which guesses characters
0,website which uses java
0,website which guesses age
0,website which cites sources
0,website when your high
0,website when you're high
0,when website was created
0,website when your high
0,website when you're high
0,when website was created
0,website what we do
0,website what is seo
0,website what are breadcrumbs
0,website wanted down under
0,website wants to open
0,website vs web site
0,website vs web page
0,website vs web application
0,website vs landing page
0,website vs web site
0,website vs web page
0,website vs web application
0,website vs landing page
0,website versus social media
0,website versus mobile app
0,website top 100 design
0,website top 10 design
0,website top 10 list
0,website top 10 2013
0,website builder top 10
0,website hosting top 10
0,ecommerce website top 10
0,free website top 10
0,flash website top 10
0,website creator top 10
1,news website top 10
0,website ranking top 100
0,website maker top 10
0,website traffic top 10
1,best website top 10
0,movie website top 10
0,shock website top 10
0,responsive website top 10
0,website topics for students
0,website top banner size
0,website topics for project
0,website top bar design
0,website top level domain
0,website to watch movies
0,website to download movies
0,website to stream movies
0,website to download music
0,website to make friends
0,was obamacare website tested
1,subscribe website to google
1,mailchimp website subscribe form
1,website like subscriber train
0,website setup for dummies
1,website setup costs uk
1,website setup costs ato
1,website setup costs australia
0,website setup in iis
0,website setup iis 7
0,website secure connection failed
0,website secure payment service
0,website secure login system
0,website secure order page
0,website secure login software
0,website secure login script
0,website secure from hackers
0,website secure login php
0,website secure without https
1,website save as pdf
1,website save the date
1,website save on medical
1,website save youtube videos
1,website save as image
1,website save as jpg
0,website safety check google
0,website safe or not
0,website safety check mcafee
1,website review document template
1,website review for money
1,website rental mobil online
0,website rental business model
0,website rent house uk
0,website rent designer dresses
0,website rates in india
0,website rate card template
0,website rates in pakistan
0,website rates your face
0,website quick reference guide
1,website quick contact form
0,website quality assurance checklist
0,website quality assurance testing
0,website quality assessment criteria
0,website quality assurance tools
0,website personalization case study
1,website personalization best practices
1,website news page design
1,website news feed design
1,website news section design
1,website new look indonesia
1,website news in cambodia
1,website new york times
1,website news page examples
1,website news feed widget
0,website designers near me
0,website builder near me
0,website companies near me
0,dating website near me
0,website like just eat
0,website like wolfram alpha
1,website instant messenger script
1,website instant messaging software
1,website instant messenger free
0,improved website press release
1,new improved website announcement
0,website how to make
0,website how to draw
0,website how to videos
0,website how to build
0,website how to design
0,website how to hack
0,website how to reference
0,website how to cite
0,website how to make
0,website how it works
0,website how to draw
0,website how it's made
0,website how many visitors
0,website how to videos
0,website how to build
0,website how to make
0,website how it works
0,website how to draw
0,website how it's made
0,website how many visitors
0,website how to videos
0,website how to build
0,website design hourly rate
0,website maintenance hourly rate
0,website developer hourly rate
0,website builder hourly rate
0,website manager hourly rate
0,website programmer hourly rate
0,website update hourly rate
0,website support hourly rate
0,website building hourly rate
0,website editor hourly rate
0,website administrator hourly rate
0,website testing hourly rate
0,website consultant hourly rate
0,website has horizontal scroll
0,website has been hacked
0,website has been suspended
0,website has been blocked
0,website has moved message
0,website has stopped responding
0,website has no pictures
0,website has no www
1,guaranteed website sign ups
1,guaranteed website traffic free
1,free guaranteed website visitors
1,website get ip address
1,website getting no traffic
1,website get user location
1,website get mac address
1,website get gps location
1,website get free stuff
1,website getamped 2 indonesia
0,free website trial hosting
0,dating website free trial
0,website builder free trial
0,website traffic free trial
0,website design free trial
0,create website free trial
0,ecommerce website free trial
0,website templates free trial
0,website advertising free trial
0,godaddy website free trial
0,unblock website free trial
0,vistaprint website free trial
0,website domain free trial
0,build website free trial
0,website x5 free trial
0,church website free trial
0,business website free trial
0,website free download movies
0,website free download mp3
0,website free tv shows
0,website free download music
0,website for cheap flights
0,website for small business
0,website for rob ford
0,website for cheap hotels
1,website for sale canada
0,website for streaming movies
1,website find custom necklaces
1,website find my iphone
1,website find broken links
1,website find ip address
1,website find cheapest prices
1,website find all links
1,website find orphaned files
1,website find people's information
1,website find custom necklaces
1,website find my iphone
1,website find broken links
1,website find ip address
1,website find cheapest prices
1,website find all links
1,website find orphaned files
1,website find people's information
0,add website exception firefox
0,block website except some
0,video website except youtube
0,azure website exception logging
0,website easy to use
0,website easy to navigate
0,website easy to update
0,website easy download mp3
0,website easy to make
0,website easy to hack
1,website discount designer clothes
1,website discounted gift certificates
1,discount website like groupon
0,website developer job description
1,website development costs cra
0,website development cca class
0,website development project plan
0,website design victoria bc
1,website deals like groupon
1,website deals in philippines
1,website deals in lebanon
1,website deals in dubai
1,website deals for hotels
1,website deals in uae
1,website deals in usa
1,website deals in dublin
1,website deals of america
1,deals website in india
1,deals website in pakistan
1,deals website in karachi
1,website deals like groupon
1,website deals in philippines
1,website deals in lebanon
1,website dealer honda indonesia
1,website dealer yamaha indonesia
1,website deals in dubai
1,coupons website in india
1,coupons website for sale
1,coupons website templates html
1,website coupon code generator
1,coupons website in india
1,coupon website template free
1,coupon website for sale
0,website comparison tool free
0,website cheapest airline tickets
0,cheapest website for hotels
0,cheapest website for holidays
0,cheapest website for clothes
0,cheapest website for shoes
1,website buy and sell
1,website buy clothes online
1,website buy me once
1,website buys gift cards
1,website buy and sell
1,website buy clothes online
1,website buy me once
1,website buys gift cards
1,website buy and sell
1,website buy clothes online
1,website buy me once
1,website buys gift cards
1,best way to website
1,website best practices 2016
1,website best practices 2015
1,website best practices checklist
1,website best design 2015
1,website best denki indonesia
1,website best western bandung
1,website best color combination
1,website best background color
1,website best practice guidelines
1,website best practices 2016
1,website best practices 2015
1,website best practices checklist
1,website best design 2015
1,website best denki indonesia
1,website best western bandung
1,website best color combination
1,website best background color
1,website best practice guidelines
0,website are not opening
0,website are not working
0,website are not loading
0,are website names italicized
0,are website titles italicized
0,website affordable care act
0,affordable website design packages
0,affordable website design perth
0,affordable website design sydney
0,affordable website design services
0,affordable website design company
0,affordable website design singapore
0,affordable website design melbourne
0,affordable website design brisbane
0,website advanced search examples
0,website advanced kursi pijat
0,advanced system care website
0,advanced website data iphone
0,advanced website design shrewsbury
0,advanced website design tutorial
0,advanced website design software
0,advanced website design ltd
0,advanced website development tutorials
0,website hirens boot cd
0,website builder software free
0,ways to block websites
0,ways to promote website
0,ways to improve website
0,ways to unblock websites
0,ways to monetize website
0,ways to create website
0,ways to hack websites
0,ways to advertise website
0,ways to make website
0,ways to market website
0,want website my business
0,i want website free
0,want my website back
0,want a better website
1,want to buy website
0,top websites in canada
0,top website designs 2015
0,top website builders canada
0,top website hosting canada
0,top website design software
0,top 10 website builders
0,top 10 websites 2015
0,top 10 website designs
0,top 10 websites 2016
0,tried and tested website
1,get yourself tested website
1,subscribe website to google
1,subscribe to website updates
1,subscribe to website changes
1,subscribe to website wordpress
0,setup website on iis
0,setup website on aws
0,setup website on vps
0,setup website for free
0,setup website on godaddy
0,setup website iis 7
0,set up website free
0,setup website on github
0,setup website on iis7
0,setup website on centos
0,setup website on linux
0,secure websites not loading
0,secure website from hackers
1,save website as pdf
1,save website to desktop
1,save website offline android
1,save website on ipad
1,save website as image
1,save website background image
1,save website offline mac
1,save website to taskbar
1,save website as app
1,sale website in pakistan
1,sale websites like groupon
1,sale websites like craigslist
1,sale websites like ebay
1,sale websites like ozsale
1,sale websites in india
0,safe website checker google
1,review website theme wordpress
1,review website template free
1,review websites in india
1,review websites for restaurants
1,review websites and apps
1,review website for cash
0,rent websites in chennai
0,rent websites for apartments
0,rent websites for homes
0,rent websites in bangalore
0,rent websites los angeles
0,rate websites for money
0,rate website hosting services
0,rate website builder software
0,quick website search safari
0,quick website mockup tool
0,quick website search ios
0,quick website development tools
0,quality website design uk
1,quality websites for sale
0,quality websites for research
0,quality website design plymouth
0,website quality assurance checklist
0,personal website builder package
0,personal website templates free
0,personal website templates bootstrap
0,personal website html template
0,personal website wordpress theme
0,personal website computer science
1,new website coming soon
1,new website launch announcement
1,new website press release
1,new website like netflix
1,new website design trends
1,new website announcement ideas
1,new website project plan
1,instant website builder software
1,instant website builder free
1,instant websites for sale
1,instant website thumbnail generator
0,improved website press release
1,new improved website announcement
1,i need website traffic
1,i need website designer
1,i need website developer
1,i need website content
1,i need website address
0,how websites make money
0,how website hosting works
0,how websites earn money
0,how websites are made
0,how websites are hacked
0,how websites are designed
0,how websites help businesses
0,how websites generate revenue
0,how website was built
0,how websites are hosted
0,how websites use cookies
0,how website works ppt
1,how website get money
0,how to website design
0,how to website create
0,how to website hosting
0,how to website hack
0,how to website development
0,how to website citation
0,how to websites work
0,how to website traffic
0,how to website responsive
0,how to website reference
0,how to website make
0,how to website download
0,how to website apa
0,how to website optimization
0,how to website code
0,how to website seo
0,hourly rate website design
0,hourly rate website maintenance
0,hourly rate website development
0,hourly wage website designer
0,hire website developer india
1,hire website designer online
0,hire website content writer
0,hire website designer india
1,hire website designer cost
1,hire website developer online
1,guaranteed website sign ups
1,guaranteed website traffic free
1,guaranteed hook up websites
1,guaranteed targeted website traffic
1,free guaranteed website visitors
1,guaranteed underwriting system website
1,best odds guaranteed websites
1,safety not guaranteed website
1,get website on google
1,get website url php
1,get website traffic stats
1,get website traffic free
1,get website url wordpress
1,get website source code
0,free website hosting canada
0,free website builder canada
0,free website design software
0,free website background images
0,free website templates download
0,free website hosting google
0,free website templates dreamweaver
0,free trial website hosting
0,free trial website design
0,free trial website traffic
0,free trial website builders
0,free trial websites e-commerce
0,free trial website maker
0,free trial website templates
0,free trial website advertising
0,free trial website creator
0,free trial website domain
0,free trial website software
0,free trial website creation
0,free trial website marketing
0,free trial dating website
0,free trial movie websites
0,free trial unblock websites
1,find website publish date
1,find website visitor numbers
1,find website publish date
1,find website visitor numbers
0,easy website builder canada
0,easy website builder software
0,easy website td bank
0,easy website design software
0,easy websites to make
0,easy websites to ddos
0,easy website builder uk
0,easy websites to hack
1,discounts websites in lebanon
1,discounts websites like groupon
1,discounts websites in dubai
1,my discounts website target
1,discount website like groupon
1,discount websites like overstock
1,discount websites for shoes
1,discount websites for travel
1,discount websites for clothes
1,discount websites like zulily
0,develop website from scratch
0,develop website using python
0,develop website using php
0,develop website for free
0,develop website using wordpress
0,develop website using bootstrap
0,develop website using java
0,develop website without coding
0,develop websites for money
0,develop website using javascript
0,develop website for mobile
0,develop website using html
0,develop website on mac
0,develop website information architecture
0,develop website in html5
0,develop website with php
0,design website in photoshop
1,design website online free
0,design website using html
0,design websites for money
0,design website with wordpress
0,design website using wordpress
0,design website for mobile
0,design website from scratch
0,design website using php
1,design website layout online
1,deals websites like groupon
1,deals websites in india
1,deals website in usa
1,deals website in karachi
1,deals website in pakistan
1,deals website in uae
1,deals website in lebanon
1,deals websites new zealand
1,deals website template wordpress
1,deal websites like groupon
1,deal websites in india
1,deal websites in uae
1,deal websites like jane
1,coupons website templates free
1,coupons websites for groceries
1,coupons websites in lebanon
1,coupons website for sale
1,coupons website templates html
1,coupon websites like groupon
1,coupon websites in india
1,coupon websites for food
1,coupon websites in usa
1,coupon websites for moms
1,coupon website business plan
1,coupon website for sale
1,coupon website template free
0,comparison websites for holidays
0,comparison websites for flights
0,comparison website electrical goods
0,comparison websites for utilities
0,cheapest website for flights
0,cheapest website hosting canada
0,cheapest website for hotels
0,cheapest website for clothes
0,cheapest websites for shopping
0,cheapest website hosting uk
1,buy website domain canada
1,buy websites with traffic
1,buy website domain uk
1,buy website domain cheap
1,buy website domain india
1,buy website template online
1,buy website domain names
1,buy website domain canada
1,buy websites with traffic
1,buy website domain uk
1,buy website domain cheap
1,buy website domain india
1,buy website template online
1,buy website domain names
1,buy website domain canada
1,buy websites with traffic
1,buy website domain uk
1,buy website domain cheap
1,buy website domain india
1,buy website template online
1,buy website domain names
0,build website from scratch
0,build websites for money
0,build website with angularjs
0,build website without coding
0,build website free google
0,build website with python
0,build website with bootstrap
0,build website using python
0,build website with java
1,best website design 2015
1,best website hosting canada
1,best website builder 2016
1,best website builder software
1,best website builder canada
1,best website design 2015
1,best website hosting canada
1,best website builder 2016
1,best website builder software
1,best website builder canada
0,are website names italicized
0,are websites secondary sources
0,are websites considered software
0,are websites academic sources
0,are website articles italicized
0,are websites primary sources
0,are websites case sensitive
0,are websites still relevant
0,are websites social media
1,are website costs capitalized
0,affordable website design toronto
0,affordable website design sydney
0,affordable website design perth
0,affordable website design services
0,affordable website design company
0,affordable website design auckland
0,affordable website design philippines
0,affordable website design nz
0,affordable website design india
0,affordable website design singapore
0,advanced website data iphone
0,advanced website builder software
0,advanced website design tutorial
0,advanced website design ltd
0,advanced website design software
0,advanced website hacking techniques
0,why websites fail
0,why websites crash
0,who website zika
0,who website philippines
0,who website pakistan
0,who website india
0,who website owner
0,who website diabetes
0,who website ebola
0,who website malaria
0,who website domain
0,who website mers
0,who website citation
0,who website official
0,who website down
0,who website info
0,who website hiv
0,who website nigeria
0,who website tuberculosis
0,who website host
0,when website expires
0,when website created
0,when website registered
0,when website updated
0,websites when bored
0,website without www
0,website without https
0,website without javascript
0,website without css
0,website without coding
0,website without cms
0,website without hosting
0,website without html
0,website without database
0,website without internet
0,website without images
0,website without scrolling
0,website without pictures
0,website without php
0,website without ads
0,website without ssl
0,website with ads
0,website with virus
0,website with database
0,website with wordpress
0,website with video
0,website without www
0,website with ecommerce
0,website with python
0,website without https
0,website with java
0,website with flash
0,website with php
0,website why us
0,website why important
0,website why slow
0,why website down
0,why website crash
0,why website redesign
0,why website design
0,website why us
0,website why important
0,website why slow
0,why website down
0,why website crash
0,why website redesign
0,why website design
0,website who owns
0,website whois history
0,website who indonesia
1,website wholesale products
1,website wholesale china
0,website whois information
0,website whois details
0,website whois check
0,website whole foods
0,website whois ip
0,website who owns
0,website whois history
0,website who indonesia
1,website wholesale products
1,website wholesale china
0,website whois information
0,website whois details
0,website whois check
0,website whole foods
0,website whois ip
0,website which font
0,website which technology
0,website which platform
0,website which language
0,website which font
0,website which technology
0,website which platform
0,website which language
0,website when bored
0,website when high
0,i'm bored website
0,when website registered
0,website when bored
0,website when high
0,i'm bored website
0,when website registered
0,website what is
0,website whatsapp share
0,website whatsapp download
0,website whatsapp puzzle
0,website wanted ads
0,website wanted craigslist
0,website wanted gumtree
0,website vs blog
0,website vs app
0,website vs facebook
0,website vs database
0,website vs etsy
0,website vs portal
0,website vs domain
0,website vs wordpress
0,website vs microsite
0,website vs url
0,website vs platform
0,website vs software
0,website versus blog
0,website vs app
0,website vs facebook
0,website vs database
0,website vs etsy
0,website vs portal
0,website vs domain
0,website vs wordpress
0,website vs microsite
0,website vs url
0,website vs platform
0,website top 100
0,website top 1000
0,website top bar
0,website topic list
0,website top banner
0,website top 10
0,website top menu
0,website topic generator
0,website top design
0,website topology examples
0,website top header
0,website topshop indonesia
0,website top fold
0,website to pdf
0,website to mp3
0,website to ip
0,website to mp4
0,website to apa
0,website tonight login
0,website tool tester
0,website to mla
0,website speed test
1,get tested website
0,battle tested website
0,payload tested website
0,tough tested website
1,website subscribe form
1,website subscribe button
1,website subscriber software
1,website subscribe widget
1,website subscriber management
1,website subscribe popup
1,subscribe website templates
1,subscribe website design
1,gay website subscribe
1,increase website subscribers
1,dating website subscribers
1,get website subscribers
1,squarespace website subscribe
1,website youtube subscribe
1,advertiser subscriber website
1,telegraph subscribers website
1,free subscribers website
1,website setup cost
0,website setup guide
0,website setup uk
0,website setup free
0,website setup checklist
0,website setup service
0,website setup australia
0,website setup solution
0,website setup fee
0,website setup issues
0,website secure check
0,website secure login
0,website secure certificate
0,website secure seal
0,website secure test
0,website secure payment
0,website secure parking
0,website secure area
0,website secure connection
0,website secure database
0,website secure logo
1,website save offline
1,website save money
1,website saver mac
1,website save password
1,website saver firefox
1,website saver app
1,website save video
1,website save youtube
1,website save pictures
1,website savefrom net
1,website saver online
1,website sales funnel
1,website sales script
1,website sales pitch
1,website sale agreement
1,website sales jobs
1,website sale stock
1,website sales tax
1,website sales page
1,website sales leads
1,website sales executive
1,website sales statistics
1,website sale contract
1,website sale online
1,website sales commission
1,website sale prices
1,website sales representative
1,website sale site
1,website sales manager
0,website safe fonts
0,website safety ratings
0,website safe colors
0,website safe area
0,website safety advisor
0,website safety tips
0,website safety analysis
0,website safety certificate
1,website review template
1,website review tool
1,website review examples
1,website review checklist
1,website review sites
1,website reviews uk
1,website review jobs
1,website review service
1,website review form
1,website review questions
1,website review software
1,website review report
1,website review essay
1,website reviews australia
1,website review bluecoat
1,website review criteria
1,website review process
1,website review plugin
0,website rental mobil
0,website rent house
0,website rent room
0,website rental contract
0,website rental plugin
0,website rent apartments
0,website rental dvd
0,website rent car
0,website rent dresses
0,website rent flat
0,website rental car
0,website rent homes
0,website rental software
0,website rate card
0,website rater jobs
0,website rate limiting
0,website rates attractiveness
0,website rater google
0,website rate guys
0,website rate list
0,website rate checker
0,website rates philippines
0,website quick links
0,website quickbooks integration
0,website quick view
0,website quick chicken
0,website quickly indonesia
0,website quicktime player
0,website quick escape
0,website quick poll
0,website quick free
0,quick website builder
0,website quality checker
0,website quality assurance
0,website quality score
0,website quality control
0,website quality check
0,website quality standards
0,website quality definition
0,website quality checklist
0,website quality metrics
0,website quality analyst
0,website quality testing
0,website quality pdf
0,website quality survey
0,website quality attributes
0,website personalization examples
0,website personalization tools
0,website personal profile
0,website personalisation tools
0,website personal information
0,website personalization statistics
0,website personal bio
0,website personal trainer
0,website personalization strategy
0,website personal portfolio
0,website personal jurisdiction
0,website personalisation definition
0,website personalization ideas
0,website personal shopper
0,website personalisation strategy
0,website personalisation techniques
1,website news feed
1,website news section
1,website news ticker
1,website new create
1,website news page
1,website newsletter templates
1,website news template
1,website new look
1,website new trends
1,nearlyweds website review
0,near fm website
0,website like nearmap
0,wedding website nearlyweds
0,website like nearpod
0,website like groupon
0,website like airbnb
0,website like omegle
0,website like youtube
0,website like aliexpress
0,website like pinterest
0,website like ebay
0,website like wordle
0,website like reddit
0,website like wix
0,website like coursera
0,website like g2a
0,website like expedia
0,website like netflix
0,website like wish
0,website like kahoot
0,website like buzzfeed
0,website like etsy
1,website instant messenger
1,website instant messaging
1,website instant checkmate
1,website instant chat
1,website instant translation
1,website instant search
1,website instant quote
1,instant website solutions
1,instant website traffic
1,instant website builder
1,instant checkmate website
1,instantpage website builder
1,instant website creator
1,instant website design
0,improved website design
0,improved website experience
0,irctc website improved
0,obamacare website improved
1,new improved website
0,super improved website
0,website how much
0,website how hot
0,website how much
0,website how hot
0,website has moved
0,website has malware
0,website has virus
0,website has expired
0,website hashtag feed
1,guaranteed website traffic
1,guaranteed website visitors
1,guaranteed website sales
1,guaranteed website clicks
1,guaranteed website hits
1,texas guaranteed website
1,satisfaction guaranteed website
1,website getting redirected
1,website get location
1,website get request
1,website get rich
1,website get username
1,website get ip
1,website getty images
0,website free templates
0,website free domain
0,website free hosting
0,website free movies
0,website free maker
0,website freelance pricing
0,website freelance indonesia
0,website free trial
0,website free google
0,website free images
0,website free stuff
0,website free registration
0,website free themes
0,website free music
0,website free mockup
1,website for sale
0,website for kids
0,website for free
0,website for movies
0,website for artists
0,website for dresses
0,website for business
0,website for photographers
0,website for cats
0,website for jobs
0,website for toddlers
0,website for realtors
1,website find ip
1,website find job
1,website find song
1,website finder name
1,website finder software
1,website find friends
1,website find ip
1,website find job
1,website find song
1,website finder name
1,website finder software
1,website find friends
0,website exception encountered
0,website exceptions chrome
0,website exception list
0,website exceptions firefox
0,exceptional website design
0,avast website exception
0,java website exception
0,avg website exception
0,webroot website exception
0,website easy builder
0,website easy free
0,website easy templates
0,website easy design
0,website easy software
0,website easy professional
0,website easy creator
0,website easy maker
0,website easy build
1,discounts website philippines
1,website offering discounts
1,nhs website discounts
1,hotel website discounts
1,dating website discounts
1,travel website discounts
1,golf website discounts
1,military website discounts
1,walmart website discounts
1,nike website discounts
1,adidas website discounts
1,godaddy website discounts
1,shoe website discounts
1,gucci website discounts
1,website hosting discounts
1,shopping website discounts
1,website student discounts
1,wedding website discounts
1,website discount codes
1,website discount coupons
1,website discount indonesia
1,website discount hotels
1,website discount clothes
1,website discount offers
1,discount website australia
1,discount website malaysia
1,discount website uk
1,discount website rack
1,discount website philippines
1,discount website shopping
1,discount website design
1,discount website singapore
1,discount website canada
1,discount website dubai
1,website development costs
0,website development company
0,website development software
0,website developer salary
0,website development vancouver
0,website development edmonton
0,website development tools
0,website development process
0,website development proposal
0,website developer calgary
0,website development course
0,website development ottawa
0,website development contract
0,website development plan
0,website development india
0,website design toronto
0,website design software
0,website design calgary
0,website design vancouver
0,website design templates
1,website design cost
0,website design ideas
0,website design inspiration
0,website design edmonton
0,website design company
0,website design winnipeg
0,website design montreal
0,website design ottawa
0,website design courses
0,website design mississauga
0,website designer salary
0,website design free
0,website design tips
0,website design halifax
1,website deals indonesia
1,website deals australia
1,website deals nz
1,website deals uk
1,website deals malaysia
1,website deals toronto
1,website deals canada
1,website dealer honda
1,website deal indonesia
1,website dealer motor
1,website dealer mkios
1,website dealer yamaha
1,website dealer kawasaki
1,website dealer suzuki
1,coupons website template
1,coupons website script
1,coupons website uk
1,coupons website reviews
1,coupons website canada
1,coupons website usa
1,coupons website design
1,coupons website list
1,coupons website software
1,coupons website themes
1,coupons website clone
1,nike website coupons
1,michaels website coupons
1,costco website coupons
1,paytm website coupons
1,website coupon generator
1,website coupon template
1,website coupon maker
1,website coupon deals
1,website coupon vistaprint
1,website coupon widget
1,website coupon database
1,website coupon system
1,coupon website script
1,coupon website uk
1,coupon website reviews
1,coupon website canada
1,coupon website software
1,coupon website australia
0,website comparison tool
0,website comparison report
0,website comparison analysis
0,website comparison essay
0,website comparison table
0,website comparison sites
0,website comparison software
0,website comparison assignment
0,website comparison ppt
0,website comparison traffic
0,website comparison criteria
0,website comparison paper
0,website comparison matrix
0,website comparison checklist
0,website comparison seo
0,website comparison shopping
1,website comparison prices
0,website comparison google
0,website comparison speed
0,website cheapest flights
0,website cheapest airfare
0,website cheapest gas
0,cheapest website hosting
0,cheapest website builder
0,cheapest website design
1,website buying sites
1,website buying service
1,website buy india
1,website buying guide
1,website buy cars
1,website buy books
1,website buy house
1,website buyer list
1,website buy domain
1,website buyers market
1,website buy jordans
1,website buying sites
1,website buying service
1,website buy india
1,website buying guide
1,website buy cars
1,website buy books
1,website buy house
1,website buyer list
1,website buy domain
1,website buyers market
1,website buy jordans
1,website buying sites
1,website buying service
1,website buy india
1,website buying guide
1,website buy cars
1,website buy books
1,website buy house
1,website buyer list
1,website buy domain
1,website buyers market
1,website buy jordans
1,website best practices
1,website best buy
1,website best design
1,website best templates
1,website best font
1,website best colors
1,website best width
1,website best deals
1,website best 2016
1,website best practices
1,website best buy
1,website best design
1,website best templates
1,website best font
1,website best colors
1,website best width
1,website best deals
1,website best 2016
0,website are down
0,website area 51
0,website aretha franklin
0,website are dead
0,website affordable custom
0,affordable website design
0,affordable website hosting
0,affordable website builder
0,affordable website developers
0,affordable website specialists
0,affordable website solutions
0,affordable website templates
0,affordable website package
0,website advanced search
0,website advanced features
0,website advanced tutorial
0,website advanced design
0,advanced website builder
0,advanced website templates
0,advanced website development
0,advanced website data
0,website hierarchy template
0,website hierarchical structure
0,website hierarchy diagram
0,website hierarchy structure
0,website hierarchy design
0,website hierarchy definition
0,website hierarchy chart
0,website hierarchy examples
0,website hierarchy generator
0,website hierarchy tool
0,website hiren boot
0,website hire programmer
0,website hire me
0,hire website designer
0,hire website developer
0,website builder free
0,website builder canada
0,website builder software
1,website builder reviews
0,website building software
0,website builder godaddy
0,website builder login
0,website builder toronto
0,website builder comparison
0,website building sites
0,website building tools
0,website building course
0,website builder templates
0,website builder calgary
0,website builder mac
0,website builder squarespace
0,website building companies
0,website builder app
0,website speed test
0,website hosting canada
0,website citation apa
0,website name generator
0,website speed test
0,website hosting canada
0,website citation apa
0,website name generator
0,want website projects
0,want website designer
0,want website developer
0,want website built
0,want list website
0,want boutique website
0,want gift website
0,want ad websites
0,want create website
0,want make website
0,anyone want website
0,anybody want website
0,want own website
0,want build website
0,top website builders
0,top websites 2015
0,top website designs
0,top websites 2016
0,top website hosting
0,top website templates
0,top website fonts
0,top website software
0,top 10 websites
1,get tested website
0,battle tested website
0,payload tested website
0,tough tested website
1,subscribe website templates
1,subscribe website widget
1,subscribe website button
1,subscribe website design
1,website subscribe form
1,website subscribe popup
1,youtube subscribe website
1,email subscribe website
1,spam subscribe website
1,create subscribe website
1,auto subscribe websites
1,paint subscribe website
1,must subscribe websites
1,subscribe function website
0,setup website redirect
0,setup website email
0,secure website https
0,secure website address
0,secure website forms
0,secure website checker
0,secure website check
0,secure website hosting
0,secure website wjec
0,secure website logo
0,secure website definition
0,secure website login
0,secure website builder
0,secure website icon
0,secure website design
0,secure websites list
0,secure website test
0,secure website certificate
0,secure website development
0,secure website services
1,save website offline
1,sale websites canada
1,sale websites uk
1,sale websites nz
1,sale website online
1,sale websites australia
1,sale website templates
1,sale website design
1,sale websites clothing
1,sale websites malaysia
1,sale website philippines
1,sale websites ireland
0,safe website viewer
0,safe website fonts
1,review website template
1,review website builder
1,review website script
1,review websites uk
1,review website design
1,review website software
1,review website hosting
1,review website names
1,review websites australia
0,rent websites toronto
0,rent websites canada
0,rent website calgary
0,rent website vancouver
0,rent websites edmonton
0,rent websites uk
0,rent websites ireland
0,rent websites london
0,rent website india
0,rent websites dublin
0,rent website template
0,rent websites ontario
0,rent websites nyc
0,rent websites australia
0,rate website safety
0,rate website seo
0,rate website speed
0,rate website traffic
0,rate website security
0,rate website google
0,rate website builders
0,rate website design
0,rate website alexa
0,rate website name
0,rate website templates
1,rate website online
0,rate website quality
0,rate website value
0,rate website worth
0,rate website plugin
0,quick website builder
0,quick website mockup
0,quick website creation
0,quick website search
0,quick website template
0,quick website fix
0,quick website development
0,quick website setup
0,quick website hosting
0,quick website ideas
0,quick website prototyping
0,quick website citation
0,quality website traffic
0,quality website templates
0,quality website content
0,quality website builder
0,quality website examples
0,quality website links
0,quality website testing
0,quality website backgrounds
0,quality website checklist
0,quality website features
1,quality website cost
0,website quality checker
0,website quality assurance
0,website quality check
0,website quality score
0,personal website templates
0,personal website builder
0,personal website ideas
0,personal website hosting
0,personal website inspiration
0,personal website resume
0,personal website domain
0,personal website themes
0,personal website content
0,personal website bootstrap
0,personal website portfolio
0,personal website homepage
0,personal websites 2015
1,new website announcement
1,new website launch
1,new website design
1,new website builder
1,new websites 2016
1,new website ideas
1,new website questionnaire
1,new website templates
1,new website checklist
1,new website styles
1,new website creator
1,new website email
1,instant website traffic
1,instant website builder
1,instant website design
1,instant website 7
1,instant website review
1,instant website translation
1,instant website creation
1,instant websites confluence
1,instant website solutions
1,instant website creator
1,instant website maker
1,instant website daily
1,instant website id
1,instant website tools
1,instant website generator
1,instant website quote
0,improved website design
0,improved website experience
0,improved suspension website
1,new improved website
0,irctc website improved
0,obamacare website improved
0,super improved website
1,i need website
0,how websites work
0,how websites earn
0,how website design
0,hire website designer
0,hire website developers
0,hire website coder
0,hire website programmer
0,hire website hacker
0,hire website builders
0,hire website manager
0,hire website template
0,hire website creator
0,hire website marketer
0,hire website testers
0,hire website coding
0,website hire me
0,car hire websites
1,guaranteed website traffic
1,guaranteed website visitors
1,guaranteed website sales
1,guaranteed website clicks
1,guaranteed rate website
1,texas guaranteed website
1,satisfaction guaranteed website
1,guaranteed wealth website
1,guaranteed returns website
1,guaranteed virus website
1,get website ip
1,get website traffic
1,get website colors
1,get website information
1,get website certificate
1,get website details
1,get website favicon
1,get website code
1,get website stats
1,get website made
0,free website hosting
0,free website templates
0,free website canada
0,free website domain
0,free website backgrounds
0,free website google
0,free website images
0,free website icons
0,free website analytics
0,free website monitoring
0,free website traffic
0,free trial websites
1,find website ip
1,find website host
1,find website owner
1,find website traffic
1,find website name
1,find website keywords
1,find website font
1,find website location
1,find website colors
1,find website stats
1,find website ranking
1,find website technology
1,find websites like
1,find website information
1,find website details
1,find website publisher
1,find website ip
1,find website host
1,find website owner
1,find website traffic
1,find website name
1,find website keywords
1,find website font
1,find website location
1,find website colors
1,find website stats
1,find website ranking
1,find website technology
1,find websites like
1,find website information
1,find website details
1,find website publisher
0,easy website builder
0,easy website templates
0,easy website creation
0,easy website ideas
0,easy website software
0,easy website hosting
0,easy website editor
0,easy website designer
1,discounts websites philippines
1,discounts websites uk
1,discounts websites usa
1,senior discounts website
1,nhs discounts website
1,hotel discounts websites
1,target discounts website
1,daily discounts websites
1,military discounts website
1,dwp discounts website
1,dd's discounts website
1,travel discounts websites
1,student discounts website
1,designer discounts websites
1,qq discounts website
1,discount websites canada
1,discount websites toronto
1,discount websites uk
1,discount website australia
1,discount websites ireland
1,discount websites nz
1,discount websites india
1,discount website design
1,discount websites philippines
1,discount websites usa
1,discount website shopping
1,develop website online
0,develop website locally
0,develop website offline
0,develop website content
0,design website free
0,design website templates
0,design website logo
0,design websites inspiration
0,design website layout
0,design website terbaik
0,design website software
0,design website banner
0,design website ideas
1,deals website canada
1,deals website uk
1,deals websites nz
1,deals website dubai
1,deals website templates
1,deals website australia
1,deals websites ireland
1,deals website singapore
1,deals website script
1,deals websites sydney
1,deals website malaysia
1,deal websites canada
1,deal websites toronto
1,deal websites ontario
1,deal websites vancouver
1,deal websites uk
1,deal websites nz
1,deal websites usa
1,deal websites dubai
1,deal websites australia
1,deal website philippines
1,deal websites singapore
1,deal websites sydney
1,deal websites auckland
1,deal websites dublin
1,deal websites ireland
1,coupons websites canada
1,coupons website india
1,coupons website template
1,coupons website usa
1,coupons website script
1,coupons websites uk
1,coupons website reviews
1,coupons websites pakistan
1,coupons website design
1,coupons websites best
1,coupons websites list
1,coupons websites free
1,coupons website themes
1,coupons website clone
1,coupon websites canada
1,coupon website template
1,coupon websites toronto
1,coupon websites uk
1,coupon website software
1,coupon website script
1,coupon websites australia
1,coupon website theme
1,coupon website reviews
1,coupon websites nz
0,comparison website template
0,comparison websites uk
0,comparison website energy
0,comparison website builder
0,comparison website broadband
0,comparison website software
0,comparison websites shopping
0,comparison websites india
0,comparison website script
0,cheapest website builder
0,cheapest website design
0,cheapest website domain
1,buy website domain
1,buy website templates
1,buy website address
1,buy website views
1,buy website url
1,buy website hosting
1,buy website images
1,buy website content
1,buy websites uk
1,buy website clicks
1,buy website builder
1,buy website domain
1,buy website templates
1,buy website address
1,buy website views
1,buy website url
1,buy website hosting
1,buy website images
1,buy website content
1,buy websites uk
1,buy website clicks
1,buy website builder
1,buy website domain
1,buy website templates
1,buy website address
1,buy website views
1,buy website url
1,buy website hosting
1,buy website images
1,buy website content
1,buy websites uk
1,buy website clicks
1,buy website builder
0,build website free
0,build website wordpress
0,build website tutorial
0,build website software
0,build website cheap
0,build website google
0,build website uk
0,build website offline
0,build website html
1,best website builder
1,best websites 2015
1,best website design
1,best website hosting
1,best website templates
1,best website ever
1,best website builder
1,best websites 2015
1,best website design
1,best website hosting
1,best website templates
1,best website ever
0,are websites dead
0,are websites software
0,are websites free
0,are websites italicized
0,are websites copyrighted
0,are websites dying
0,affordable website design
0,affordable website hosting
0,affordable website builders
0,affordable website development
0,affordable website solutions
0,affordable website templates
0,affordable website specialists
0,advanced website builder
0,advanced website design
0,advanced website development
0,advanced website templates
0,advanced website features
0,advanced website tutorial
0,advanced website building
0,advanced website coding
0,advanced website hacking
0,advanced website ranking
0,website speed test
0,website hosting canada
0,website citation apa